ISIN,Price,Date,Model,Stock
AT0000999982,3591.79,2024-10-08,arima,ATX
AT0000999982,3593.48,2024-10-09,arima,ATX
AT0000999982,3595.26,2024-10-10,arima,ATX
AT0000999982,3596.99,2024-10-11,arima,ATX
AT0000999982,3598.58,2024-10-14,arima,ATX
AT0000999982,3600.38,2024-10-15,arima,ATX
AT0000999982,3602.21,2024-10-16,arima,ATX
AT0000999982,3604.14,2024-10-17,arima,ATX
AT0000999982,3606.16,2024-10-18,arima,ATX
AT0000999982,3608.16,2024-10-21,arima,ATX
AT0000999982,3591.79,2024-10-08,exp_smoothing,ATX
AT0000999982,3593.48,2024-10-09,exp_smoothing,ATX
AT0000999982,3595.23,2024-10-10,exp_smoothing,ATX
AT0000999982,3596.72,2024-10-11,exp_smoothing,ATX
AT0000999982,3598.31,2024-10-14,exp_smoothing,ATX
AT0000999982,3600.0,2024-10-15,exp_smoothing,ATX
AT0000999982,3601.83,2024-10-16,exp_smoothing,ATX
AT0000999982,3603.87,2024-10-17,exp_smoothing,ATX
AT0000999982,3605.91,2024-10-18,exp_smoothing,ATX
AT0000999982,3607.8,2024-10-21,exp_smoothing,ATX
AT0000999982,3591.88,2024-10-08,lgbm_regressor,ATX
AT0000999982,3591.89,2024-10-09,lgbm_regressor,ATX
AT0000999982,3591.93,2024-10-10,lgbm_regressor,ATX
AT0000999982,3592.01,2024-10-11,lgbm_regressor,ATX
AT0000999982,3592.24,2024-10-14,lgbm_regressor,ATX
AT0000999982,3592.45,2024-10-15,lgbm_regressor,ATX
AT0000999982,3592.99,2024-10-16,lgbm_regressor,ATX
AT0000999982,3593.46,2024-10-17,lgbm_regressor,ATX
AT0000999982,3593.9,2024-10-18,lgbm_regressor,ATX
AT0000999982,3594.37,2024-10-21,lgbm_regressor,ATX
AT0000999982,3603.14,2024-10-08,nn_regressor,ATX
AT0000999982,3630.72,2024-10-09,nn_regressor,ATX
AT0000999982,3663.17,2024-10-10,nn_regressor,ATX
AT0000999982,3654.8,2024-10-11,nn_regressor,ATX
AT0000999982,3680.77,2024-10-14,nn_regressor,ATX
AT0000999982,3728.4,2024-10-15,nn_regressor,ATX
AT0000999982,3711.87,2024-10-16,nn_regressor,ATX
AT0000999982,3720.58,2024-10-17,nn_regressor,ATX
AT0000999982,3743.33,2024-10-18,nn_regressor,ATX
AT0000999982,3760.41,2024-10-21,nn_regressor,ATX
AT0000999982,3592.0,2024-10-08,prophet,ATX
AT0000999982,3593.88,2024-10-09,prophet,ATX
AT0000999982,3595.86,2024-10-10,prophet,ATX
AT0000999982,3597.8,2024-10-11,prophet,ATX
AT0000999982,3599.8,2024-10-14,prophet,ATX
AT0000999982,3601.99,2024-10-15,prophet,ATX
AT0000999982,3604.29,2024-10-16,prophet,ATX
AT0000999982,3606.82,2024-10-17,prophet,ATX
AT0000999982,3609.4,2024-10-18,prophet,ATX
AT0000999982,3611.97,2024-10-21,prophet,ATX
AT0000999982,3580.51,2024-10-08,rnn_regressor,ATX
AT0000999982,3592.94,2024-10-09,rnn_regressor,ATX
AT0000999982,3598.24,2024-10-10,rnn_regressor,ATX
AT0000999982,3596.9,2024-10-11,rnn_regressor,ATX
AT0000999982,3610.49,2024-10-14,rnn_regressor,ATX
AT0000999982,3607.63,2024-10-15,rnn_regressor,ATX
AT0000999982,3556.23,2024-10-16,rnn_regressor,ATX
AT0000999982,3554.96,2024-10-17,rnn_regressor,ATX
AT0000999982,3520.56,2024-10-18,rnn_regressor,ATX
AT0000999982,3543.09,2024-10-21,rnn_regressor,ATX
AT0000999982,3590.13,2024-10-08,xgb_regressor,ATX
AT0000999982,3590.16,2024-10-09,xgb_regressor,ATX
AT0000999982,3590.16,2024-10-10,xgb_regressor,ATX
AT0000999982,3590.23,2024-10-11,xgb_regressor,ATX
AT0000999982,3590.48,2024-10-14,xgb_regressor,ATX
AT0000999982,3590.78,2024-10-15,xgb_regressor,ATX
AT0000999982,3591.24,2024-10-16,xgb_regressor,ATX
AT0000999982,3591.73,2024-10-17,xgb_regressor,ATX
AT0000999982,3592.16,2024-10-18,xgb_regressor,ATX
AT0000999982,3592.63,2024-10-21,xgb_regressor,ATX
AT0000743059,37.18,2024-10-08,arima,omv-ag
AT0000743059,37.16,2024-10-09,arima,omv-ag
AT0000743059,37.15,2024-10-10,arima,omv-ag
AT0000743059,37.13,2024-10-11,arima,omv-ag
AT0000743059,37.11,2024-10-14,arima,omv-ag
AT0000743059,37.09,2024-10-15,arima,omv-ag
AT0000743059,37.07,2024-10-16,arima,omv-ag
AT0000743059,37.05,2024-10-17,arima,omv-ag
AT0000743059,37.03,2024-10-18,arima,omv-ag
AT0000743059,37.02,2024-10-21,arima,omv-ag
AT0000743059,37.18,2024-10-08,exp_smoothing,omv-ag
AT0000743059,37.16,2024-10-09,exp_smoothing,omv-ag
AT0000743059,37.15,2024-10-10,exp_smoothing,omv-ag
AT0000743059,37.12,2024-10-11,exp_smoothing,omv-ag
AT0000743059,37.1,2024-10-14,exp_smoothing,omv-ag
AT0000743059,37.08,2024-10-15,exp_smoothing,omv-ag
AT0000743059,37.07,2024-10-16,exp_smoothing,omv-ag
AT0000743059,37.05,2024-10-17,exp_smoothing,omv-ag
AT0000743059,37.03,2024-10-18,exp_smoothing,omv-ag
AT0000743059,37.01,2024-10-21,exp_smoothing,omv-ag
AT0000743059,37.19,2024-10-08,lgbm_regressor,omv-ag
AT0000743059,37.19,2024-10-09,lgbm_regressor,omv-ag
AT0000743059,37.19,2024-10-10,lgbm_regressor,omv-ag
AT0000743059,37.19,2024-10-11,lgbm_regressor,omv-ag
AT0000743059,37.2,2024-10-14,lgbm_regressor,omv-ag
AT0000743059,37.2,2024-10-15,lgbm_regressor,omv-ag
AT0000743059,37.2,2024-10-16,lgbm_regressor,omv-ag
AT0000743059,37.21,2024-10-17,lgbm_regressor,omv-ag
AT0000743059,37.21,2024-10-18,lgbm_regressor,omv-ag
AT0000743059,37.22,2024-10-21,lgbm_regressor,omv-ag
AT0000743059,37.45,2024-10-08,nn_regressor,omv-ag
AT0000743059,37.61,2024-10-09,nn_regressor,omv-ag
AT0000743059,38.04,2024-10-10,nn_regressor,omv-ag
AT0000743059,38.21,2024-10-11,nn_regressor,omv-ag
AT0000743059,38.64,2024-10-14,nn_regressor,omv-ag
AT0000743059,38.72,2024-10-15,nn_regressor,omv-ag
AT0000743059,39.34,2024-10-16,nn_regressor,omv-ag
AT0000743059,39.14,2024-10-17,nn_regressor,omv-ag
AT0000743059,39.82,2024-10-18,nn_regressor,omv-ag
AT0000743059,40.15,2024-10-21,nn_regressor,omv-ag
AT0000743059,37.2,2024-10-08,prophet,omv-ag
AT0000743059,37.19,2024-10-09,prophet,omv-ag
AT0000743059,37.19,2024-10-10,prophet,omv-ag
AT0000743059,37.19,2024-10-11,prophet,omv-ag
AT0000743059,37.18,2024-10-14,prophet,omv-ag
AT0000743059,37.18,2024-10-15,prophet,omv-ag
AT0000743059,37.18,2024-10-16,prophet,omv-ag
AT0000743059,37.18,2024-10-17,prophet,omv-ag
AT0000743059,37.19,2024-10-18,prophet,omv-ag
AT0000743059,37.19,2024-10-21,prophet,omv-ag
AT0000743059,37.49,2024-10-08,rnn_regressor,omv-ag
AT0000743059,37.23,2024-10-09,rnn_regressor,omv-ag
AT0000743059,37.81,2024-10-10,rnn_regressor,omv-ag
AT0000743059,37.59,2024-10-11,rnn_regressor,omv-ag
AT0000743059,37.37,2024-10-14,rnn_regressor,omv-ag
AT0000743059,37.61,2024-10-15,rnn_regressor,omv-ag
AT0000743059,37.95,2024-10-16,rnn_regressor,omv-ag
AT0000743059,38.05,2024-10-17,rnn_regressor,omv-ag
AT0000743059,38.57,2024-10-18,rnn_regressor,omv-ag
AT0000743059,38.75,2024-10-21,rnn_regressor,omv-ag
AT0000743059,37.18,2024-10-08,xgb_regressor,omv-ag
AT0000743059,37.18,2024-10-09,xgb_regressor,omv-ag
AT0000743059,37.18,2024-10-10,xgb_regressor,omv-ag
AT0000743059,37.18,2024-10-11,xgb_regressor,omv-ag
AT0000743059,37.18,2024-10-14,xgb_regressor,omv-ag
AT0000743059,37.18,2024-10-15,xgb_regressor,omv-ag
AT0000743059,37.19,2024-10-16,xgb_regressor,omv-ag
AT0000743059,37.19,2024-10-17,xgb_regressor,omv-ag
AT0000743059,37.2,2024-10-18,xgb_regressor,omv-ag
AT0000743059,37.2,2024-10-21,xgb_regressor,omv-ag
AT0000937503,21.64,2024-10-08,arima,voestalpine-ag
AT0000937503,21.63,2024-10-09,arima,voestalpine-ag
AT0000937503,21.61,2024-10-10,arima,voestalpine-ag
AT0000937503,21.59,2024-10-11,arima,voestalpine-ag
AT0000937503,21.58,2024-10-14,arima,voestalpine-ag
AT0000937503,21.56,2024-10-15,arima,voestalpine-ag
AT0000937503,21.55,2024-10-16,arima,voestalpine-ag
AT0000937503,21.53,2024-10-17,arima,voestalpine-ag
AT0000937503,21.52,2024-10-18,arima,voestalpine-ag
AT0000937503,21.51,2024-10-21,arima,voestalpine-ag
AT0000937503,21.64,2024-10-08,exp_smoothing,voestalpine-ag
AT0000937503,21.63,2024-10-09,exp_smoothing,voestalpine-ag
AT0000937503,21.61,2024-10-10,exp_smoothing,voestalpine-ag
AT0000937503,21.59,2024-10-11,exp_smoothing,voestalpine-ag
AT0000937503,21.58,2024-10-14,exp_smoothing,voestalpine-ag
AT0000937503,21.56,2024-10-15,exp_smoothing,voestalpine-ag
AT0000937503,21.55,2024-10-16,exp_smoothing,voestalpine-ag
AT0000937503,21.53,2024-10-17,exp_smoothing,voestalpine-ag
AT0000937503,21.52,2024-10-18,exp_smoothing,voestalpine-ag
AT0000937503,21.51,2024-10-21,exp_smoothing,voestalpine-ag
AT0000937503,21.65,2024-10-08,lgbm_regressor,voestalpine-ag
AT0000937503,21.65,2024-10-09,lgbm_regressor,voestalpine-ag
AT0000937503,21.65,2024-10-10,lgbm_regressor,voestalpine-ag
AT0000937503,21.66,2024-10-11,lgbm_regressor,voestalpine-ag
AT0000937503,21.66,2024-10-14,lgbm_regressor,voestalpine-ag
AT0000937503,21.66,2024-10-15,lgbm_regressor,voestalpine-ag
AT0000937503,21.66,2024-10-16,lgbm_regressor,voestalpine-ag
AT0000937503,21.66,2024-10-17,lgbm_regressor,voestalpine-ag
AT0000937503,21.67,2024-10-18,lgbm_regressor,voestalpine-ag
AT0000937503,21.67,2024-10-21,lgbm_regressor,voestalpine-ag
AT0000937503,21.85,2024-10-08,nn_regressor,voestalpine-ag
AT0000937503,22.51,2024-10-09,nn_regressor,voestalpine-ag
AT0000937503,22.53,2024-10-10,nn_regressor,voestalpine-ag
AT0000937503,22.45,2024-10-11,nn_regressor,voestalpine-ag
AT0000937503,22.51,2024-10-14,nn_regressor,voestalpine-ag
AT0000937503,22.73,2024-10-15,nn_regressor,voestalpine-ag
AT0000937503,22.75,2024-10-16,nn_regressor,voestalpine-ag
AT0000937503,22.7,2024-10-17,nn_regressor,voestalpine-ag
AT0000937503,22.76,2024-10-18,nn_regressor,voestalpine-ag
AT0000937503,23.12,2024-10-21,nn_regressor,voestalpine-ag
AT0000937503,21.65,2024-10-08,prophet,voestalpine-ag
AT0000937503,21.64,2024-10-09,prophet,voestalpine-ag
AT0000937503,21.63,2024-10-10,prophet,voestalpine-ag
AT0000937503,21.62,2024-10-11,prophet,voestalpine-ag
AT0000937503,21.62,2024-10-14,prophet,voestalpine-ag
AT0000937503,21.61,2024-10-15,prophet,voestalpine-ag
AT0000937503,21.61,2024-10-16,prophet,voestalpine-ag
AT0000937503,21.6,2024-10-17,prophet,voestalpine-ag
AT0000937503,21.6,2024-10-18,prophet,voestalpine-ag
AT0000937503,21.6,2024-10-21,prophet,voestalpine-ag
AT0000937503,21.39,2024-10-08,rnn_regressor,voestalpine-ag
AT0000937503,21.52,2024-10-09,rnn_regressor,voestalpine-ag
AT0000937503,21.89,2024-10-10,rnn_regressor,voestalpine-ag
AT0000937503,21.78,2024-10-11,rnn_regressor,voestalpine-ag
AT0000937503,22.29,2024-10-14,rnn_regressor,voestalpine-ag
AT0000937503,22.36,2024-10-15,rnn_regressor,voestalpine-ag
AT0000937503,22.16,2024-10-16,rnn_regressor,voestalpine-ag
AT0000937503,22.05,2024-10-17,rnn_regressor,voestalpine-ag
AT0000937503,21.81,2024-10-18,rnn_regressor,voestalpine-ag
AT0000937503,22.1,2024-10-21,rnn_regressor,voestalpine-ag
AT0000937503,21.65,2024-10-08,xgb_regressor,voestalpine-ag
AT0000937503,21.65,2024-10-09,xgb_regressor,voestalpine-ag
AT0000937503,21.65,2024-10-10,xgb_regressor,voestalpine-ag
AT0000937503,21.65,2024-10-11,xgb_regressor,voestalpine-ag
AT0000937503,21.66,2024-10-14,xgb_regressor,voestalpine-ag
AT0000937503,21.66,2024-10-15,xgb_regressor,voestalpine-ag
AT0000937503,21.66,2024-10-16,xgb_regressor,voestalpine-ag
AT0000937503,21.66,2024-10-17,xgb_regressor,voestalpine-ag
AT0000937503,21.67,2024-10-18,xgb_regressor,voestalpine-ag
AT0000937503,21.67,2024-10-21,xgb_regressor,voestalpine-ag
AT0000652011,47.54,2024-10-08,arima,erste-group-bank-ag
AT0000652011,47.61,2024-10-09,arima,erste-group-bank-ag
AT0000652011,47.68,2024-10-10,arima,erste-group-bank-ag
AT0000652011,47.75,2024-10-11,arima,erste-group-bank-ag
AT0000652011,47.82,2024-10-14,arima,erste-group-bank-ag
AT0000652011,47.9,2024-10-15,arima,erste-group-bank-ag
AT0000652011,47.97,2024-10-16,arima,erste-group-bank-ag
AT0000652011,48.05,2024-10-17,arima,erste-group-bank-ag
AT0000652011,48.13,2024-10-18,arima,erste-group-bank-ag
AT0000652011,48.2,2024-10-21,arima,erste-group-bank-ag
AT0000652011,47.54,2024-10-08,exp_smoothing,erste-group-bank-ag
AT0000652011,47.61,2024-10-09,exp_smoothing,erste-group-bank-ag
AT0000652011,47.68,2024-10-10,exp_smoothing,erste-group-bank-ag
AT0000652011,47.75,2024-10-11,exp_smoothing,erste-group-bank-ag
AT0000652011,47.82,2024-10-14,exp_smoothing,erste-group-bank-ag
AT0000652011,47.9,2024-10-15,exp_smoothing,erste-group-bank-ag
AT0000652011,47.97,2024-10-16,exp_smoothing,erste-group-bank-ag
AT0000652011,48.05,2024-10-17,exp_smoothing,erste-group-bank-ag
AT0000652011,48.13,2024-10-18,exp_smoothing,erste-group-bank-ag
AT0000652011,48.2,2024-10-21,exp_smoothing,erste-group-bank-ag
AT0000652011,47.47,2024-10-08,lgbm_regressor,erste-group-bank-ag
AT0000652011,47.47,2024-10-09,lgbm_regressor,erste-group-bank-ag
AT0000652011,47.47,2024-10-10,lgbm_regressor,erste-group-bank-ag
AT0000652011,47.47,2024-10-11,lgbm_regressor,erste-group-bank-ag
AT0000652011,47.47,2024-10-14,lgbm_regressor,erste-group-bank-ag
AT0000652011,47.48,2024-10-15,lgbm_regressor,erste-group-bank-ag
AT0000652011,47.48,2024-10-16,lgbm_regressor,erste-group-bank-ag
AT0000652011,47.49,2024-10-17,lgbm_regressor,erste-group-bank-ag
AT0000652011,47.5,2024-10-18,lgbm_regressor,erste-group-bank-ag
AT0000652011,47.5,2024-10-21,lgbm_regressor,erste-group-bank-ag
AT0000652011,47.1,2024-10-08,nn_regressor,erste-group-bank-ag
AT0000652011,47.84,2024-10-09,nn_regressor,erste-group-bank-ag
AT0000652011,47.89,2024-10-10,nn_regressor,erste-group-bank-ag
AT0000652011,47.87,2024-10-11,nn_regressor,erste-group-bank-ag
AT0000652011,48.06,2024-10-14,nn_regressor,erste-group-bank-ag
AT0000652011,48.83,2024-10-15,nn_regressor,erste-group-bank-ag
AT0000652011,48.62,2024-10-16,nn_regressor,erste-group-bank-ag
AT0000652011,48.65,2024-10-17,nn_regressor,erste-group-bank-ag
AT0000652011,48.68,2024-10-18,nn_regressor,erste-group-bank-ag
AT0000652011,48.53,2024-10-21,nn_regressor,erste-group-bank-ag
AT0000652011,47.54,2024-10-08,prophet,erste-group-bank-ag
AT0000652011,47.62,2024-10-09,prophet,erste-group-bank-ag
AT0000652011,47.7,2024-10-10,prophet,erste-group-bank-ag
AT0000652011,47.77,2024-10-11,prophet,erste-group-bank-ag
AT0000652011,47.85,2024-10-14,prophet,erste-group-bank-ag
AT0000652011,47.93,2024-10-15,prophet,erste-group-bank-ag
AT0000652011,48.01,2024-10-16,prophet,erste-group-bank-ag
AT0000652011,48.09,2024-10-17,prophet,erste-group-bank-ag
AT0000652011,48.17,2024-10-18,prophet,erste-group-bank-ag
AT0000652011,48.26,2024-10-21,prophet,erste-group-bank-ag
AT0000652011,47.2,2024-10-08,rnn_regressor,erste-group-bank-ag
AT0000652011,47.09,2024-10-09,rnn_regressor,erste-group-bank-ag
AT0000652011,47.76,2024-10-10,rnn_regressor,erste-group-bank-ag
AT0000652011,48.21,2024-10-11,rnn_regressor,erste-group-bank-ag
AT0000652011,47.55,2024-10-14,rnn_regressor,erste-group-bank-ag
AT0000652011,47.3,2024-10-15,rnn_regressor,erste-group-bank-ag
AT0000652011,47.77,2024-10-16,rnn_regressor,erste-group-bank-ag
AT0000652011,48.56,2024-10-17,rnn_regressor,erste-group-bank-ag
AT0000652011,48.49,2024-10-18,rnn_regressor,erste-group-bank-ag
AT0000652011,47.94,2024-10-21,rnn_regressor,erste-group-bank-ag
AT0000652011,47.47,2024-10-08,xgb_regressor,erste-group-bank-ag
AT0000652011,47.47,2024-10-09,xgb_regressor,erste-group-bank-ag
AT0000652011,47.47,2024-10-10,xgb_regressor,erste-group-bank-ag
AT0000652011,47.47,2024-10-11,xgb_regressor,erste-group-bank-ag
AT0000652011,47.47,2024-10-14,xgb_regressor,erste-group-bank-ag
AT0000652011,47.48,2024-10-15,xgb_regressor,erste-group-bank-ag
AT0000652011,47.48,2024-10-16,xgb_regressor,erste-group-bank-ag
AT0000652011,47.49,2024-10-17,xgb_regressor,erste-group-bank-ag
AT0000652011,47.5,2024-10-18,xgb_regressor,erste-group-bank-ag
AT0000652011,47.5,2024-10-21,xgb_regressor,erste-group-bank-ag
AT0000746409,72.98,2024-10-08,arima,verbund-ag-kat-a
AT0000746409,72.95,2024-10-09,arima,verbund-ag-kat-a
AT0000746409,72.92,2024-10-10,arima,verbund-ag-kat-a
AT0000746409,72.9,2024-10-11,arima,verbund-ag-kat-a
AT0000746409,72.86,2024-10-14,arima,verbund-ag-kat-a
AT0000746409,72.83,2024-10-15,arima,verbund-ag-kat-a
AT0000746409,72.81,2024-10-16,arima,verbund-ag-kat-a
AT0000746409,72.79,2024-10-17,arima,verbund-ag-kat-a
AT0000746409,72.77,2024-10-18,arima,verbund-ag-kat-a
AT0000746409,72.75,2024-10-21,arima,verbund-ag-kat-a
AT0000746409,72.98,2024-10-08,exp_smoothing,verbund-ag-kat-a
AT0000746409,72.95,2024-10-09,exp_smoothing,verbund-ag-kat-a
AT0000746409,72.92,2024-10-10,exp_smoothing,verbund-ag-kat-a
AT0000746409,72.9,2024-10-11,exp_smoothing,verbund-ag-kat-a
AT0000746409,72.86,2024-10-14,exp_smoothing,verbund-ag-kat-a
AT0000746409,72.83,2024-10-15,exp_smoothing,verbund-ag-kat-a
AT0000746409,72.82,2024-10-16,exp_smoothing,verbund-ag-kat-a
AT0000746409,72.79,2024-10-17,exp_smoothing,verbund-ag-kat-a
AT0000746409,72.77,2024-10-18,exp_smoothing,verbund-ag-kat-a
AT0000746409,72.75,2024-10-21,exp_smoothing,verbund-ag-kat-a
AT0000746409,73.04,2024-10-08,lgbm_regressor,verbund-ag-kat-a
AT0000746409,73.04,2024-10-09,lgbm_regressor,verbund-ag-kat-a
AT0000746409,73.04,2024-10-10,lgbm_regressor,verbund-ag-kat-a
AT0000746409,73.04,2024-10-11,lgbm_regressor,verbund-ag-kat-a
AT0000746409,73.05,2024-10-14,lgbm_regressor,verbund-ag-kat-a
AT0000746409,73.05,2024-10-15,lgbm_regressor,verbund-ag-kat-a
AT0000746409,73.06,2024-10-16,lgbm_regressor,verbund-ag-kat-a
AT0000746409,73.07,2024-10-17,lgbm_regressor,verbund-ag-kat-a
AT0000746409,73.08,2024-10-18,lgbm_regressor,verbund-ag-kat-a
AT0000746409,73.09,2024-10-21,lgbm_regressor,verbund-ag-kat-a
AT0000746409,73.13,2024-10-08,nn_regressor,verbund-ag-kat-a
AT0000746409,73.19,2024-10-09,nn_regressor,verbund-ag-kat-a
AT0000746409,73.45,2024-10-10,nn_regressor,verbund-ag-kat-a
AT0000746409,72.87,2024-10-11,nn_regressor,verbund-ag-kat-a
AT0000746409,72.77,2024-10-14,nn_regressor,verbund-ag-kat-a
AT0000746409,73.68,2024-10-15,nn_regressor,verbund-ag-kat-a
AT0000746409,73.91,2024-10-16,nn_regressor,verbund-ag-kat-a
AT0000746409,74.22,2024-10-17,nn_regressor,verbund-ag-kat-a
AT0000746409,74.58,2024-10-18,nn_regressor,verbund-ag-kat-a
AT0000746409,74.08,2024-10-21,nn_regressor,verbund-ag-kat-a
AT0000746409,72.97,2024-10-08,prophet,verbund-ag-kat-a
AT0000746409,72.94,2024-10-09,prophet,verbund-ag-kat-a
AT0000746409,72.9,2024-10-10,prophet,verbund-ag-kat-a
AT0000746409,72.86,2024-10-11,prophet,verbund-ag-kat-a
AT0000746409,72.83,2024-10-14,prophet,verbund-ag-kat-a
AT0000746409,72.8,2024-10-15,prophet,verbund-ag-kat-a
AT0000746409,72.77,2024-10-16,prophet,verbund-ag-kat-a
AT0000746409,72.74,2024-10-17,prophet,verbund-ag-kat-a
AT0000746409,72.7,2024-10-18,prophet,verbund-ag-kat-a
AT0000746409,72.66,2024-10-21,prophet,verbund-ag-kat-a
AT0000746409,73.66,2024-10-08,rnn_regressor,verbund-ag-kat-a
AT0000746409,72.9,2024-10-09,rnn_regressor,verbund-ag-kat-a
AT0000746409,72.18,2024-10-10,rnn_regressor,verbund-ag-kat-a
AT0000746409,72.95,2024-10-11,rnn_regressor,verbund-ag-kat-a
AT0000746409,73.34,2024-10-14,rnn_regressor,verbund-ag-kat-a
AT0000746409,72.95,2024-10-15,rnn_regressor,verbund-ag-kat-a
AT0000746409,72.86,2024-10-16,rnn_regressor,verbund-ag-kat-a
AT0000746409,73.41,2024-10-17,rnn_regressor,verbund-ag-kat-a
AT0000746409,72.96,2024-10-18,rnn_regressor,verbund-ag-kat-a
AT0000746409,72.93,2024-10-21,rnn_regressor,verbund-ag-kat-a
AT0000746409,73.09,2024-10-08,xgb_regressor,verbund-ag-kat-a
AT0000746409,73.09,2024-10-09,xgb_regressor,verbund-ag-kat-a
AT0000746409,73.09,2024-10-10,xgb_regressor,verbund-ag-kat-a
AT0000746409,73.09,2024-10-11,xgb_regressor,verbund-ag-kat-a
AT0000746409,73.1,2024-10-14,xgb_regressor,verbund-ag-kat-a
AT0000746409,73.1,2024-10-15,xgb_regressor,verbund-ag-kat-a
AT0000746409,73.11,2024-10-16,xgb_regressor,verbund-ag-kat-a
AT0000746409,73.12,2024-10-17,xgb_regressor,verbund-ag-kat-a
AT0000746409,73.13,2024-10-18,xgb_regressor,verbund-ag-kat-a
AT0000746409,73.14,2024-10-21,xgb_regressor,verbund-ag-kat-a
AT0000922554,36.62,2024-10-08,arima,rosenbauer-international-ag
AT0000922554,36.63,2024-10-09,arima,rosenbauer-international-ag
AT0000922554,36.65,2024-10-10,arima,rosenbauer-international-ag
AT0000922554,36.68,2024-10-11,arima,rosenbauer-international-ag
AT0000922554,36.69,2024-10-14,arima,rosenbauer-international-ag
AT0000922554,36.71,2024-10-15,arima,rosenbauer-international-ag
AT0000922554,36.73,2024-10-16,arima,rosenbauer-international-ag
AT0000922554,36.75,2024-10-17,arima,rosenbauer-international-ag
AT0000922554,36.77,2024-10-18,arima,rosenbauer-international-ag
AT0000922554,36.79,2024-10-21,arima,rosenbauer-international-ag
AT0000922554,36.62,2024-10-08,exp_smoothing,rosenbauer-international-ag
AT0000922554,36.63,2024-10-09,exp_smoothing,rosenbauer-international-ag
AT0000922554,36.65,2024-10-10,exp_smoothing,rosenbauer-international-ag
AT0000922554,36.67,2024-10-11,exp_smoothing,rosenbauer-international-ag
AT0000922554,36.69,2024-10-14,exp_smoothing,rosenbauer-international-ag
AT0000922554,36.71,2024-10-15,exp_smoothing,rosenbauer-international-ag
AT0000922554,36.73,2024-10-16,exp_smoothing,rosenbauer-international-ag
AT0000922554,36.75,2024-10-17,exp_smoothing,rosenbauer-international-ag
AT0000922554,36.77,2024-10-18,exp_smoothing,rosenbauer-international-ag
AT0000922554,36.79,2024-10-21,exp_smoothing,rosenbauer-international-ag
AT0000922554,36.55,2024-10-08,lgbm_regressor,rosenbauer-international-ag
AT0000922554,36.55,2024-10-09,lgbm_regressor,rosenbauer-international-ag
AT0000922554,36.55,2024-10-10,lgbm_regressor,rosenbauer-international-ag
AT0000922554,36.55,2024-10-11,lgbm_regressor,rosenbauer-international-ag
AT0000922554,36.56,2024-10-14,lgbm_regressor,rosenbauer-international-ag
AT0000922554,36.56,2024-10-15,lgbm_regressor,rosenbauer-international-ag
AT0000922554,36.56,2024-10-16,lgbm_regressor,rosenbauer-international-ag
AT0000922554,36.57,2024-10-17,lgbm_regressor,rosenbauer-international-ag
AT0000922554,36.57,2024-10-18,lgbm_regressor,rosenbauer-international-ag
AT0000922554,36.58,2024-10-21,lgbm_regressor,rosenbauer-international-ag
AT0000922554,37.03,2024-10-08,nn_regressor,rosenbauer-international-ag
AT0000922554,37.3,2024-10-09,nn_regressor,rosenbauer-international-ag
AT0000922554,37.67,2024-10-10,nn_regressor,rosenbauer-international-ag
AT0000922554,37.82,2024-10-11,nn_regressor,rosenbauer-international-ag
AT0000922554,37.77,2024-10-14,nn_regressor,rosenbauer-international-ag
AT0000922554,37.86,2024-10-15,nn_regressor,rosenbauer-international-ag
AT0000922554,37.65,2024-10-16,nn_regressor,rosenbauer-international-ag
AT0000922554,37.71,2024-10-17,nn_regressor,rosenbauer-international-ag
AT0000922554,38.23,2024-10-18,nn_regressor,rosenbauer-international-ag
AT0000922554,38.31,2024-10-21,nn_regressor,rosenbauer-international-ag
AT0000922554,36.63,2024-10-08,prophet,rosenbauer-international-ag
AT0000922554,36.66,2024-10-09,prophet,rosenbauer-international-ag
AT0000922554,36.68,2024-10-10,prophet,rosenbauer-international-ag
AT0000922554,36.71,2024-10-11,prophet,rosenbauer-international-ag
AT0000922554,36.74,2024-10-14,prophet,rosenbauer-international-ag
AT0000922554,36.77,2024-10-15,prophet,rosenbauer-international-ag
AT0000922554,36.8,2024-10-16,prophet,rosenbauer-international-ag
AT0000922554,36.83,2024-10-17,prophet,rosenbauer-international-ag
AT0000922554,36.85,2024-10-18,prophet,rosenbauer-international-ag
AT0000922554,36.87,2024-10-21,prophet,rosenbauer-international-ag
AT0000922554,36.81,2024-10-08,rnn_regressor,rosenbauer-international-ag
AT0000922554,36.29,2024-10-09,rnn_regressor,rosenbauer-international-ag
AT0000922554,35.99,2024-10-10,rnn_regressor,rosenbauer-international-ag
AT0000922554,35.39,2024-10-11,rnn_regressor,rosenbauer-international-ag
AT0000922554,34.19,2024-10-14,rnn_regressor,rosenbauer-international-ag
AT0000922554,33.98,2024-10-15,rnn_regressor,rosenbauer-international-ag
AT0000922554,33.9,2024-10-16,rnn_regressor,rosenbauer-international-ag
AT0000922554,33.91,2024-10-17,rnn_regressor,rosenbauer-international-ag
AT0000922554,33.85,2024-10-18,rnn_regressor,rosenbauer-international-ag
AT0000922554,33.49,2024-10-21,rnn_regressor,rosenbauer-international-ag
AT0000922554,36.58,2024-10-08,xgb_regressor,rosenbauer-international-ag
AT0000922554,36.58,2024-10-09,xgb_regressor,rosenbauer-international-ag
AT0000922554,36.58,2024-10-10,xgb_regressor,rosenbauer-international-ag
AT0000922554,36.58,2024-10-11,xgb_regressor,rosenbauer-international-ag
AT0000922554,36.58,2024-10-14,xgb_regressor,rosenbauer-international-ag
AT0000922554,36.58,2024-10-15,xgb_regressor,rosenbauer-international-ag
AT0000922554,36.59,2024-10-16,xgb_regressor,rosenbauer-international-ag
AT0000922554,36.59,2024-10-17,xgb_regressor,rosenbauer-international-ag
AT0000922554,36.6,2024-10-18,xgb_regressor,rosenbauer-international-ag
AT0000922554,36.6,2024-10-21,xgb_regressor,rosenbauer-international-ag
AT00000VIE62,54.83,2024-10-08,arima,flughafen-wien-ag
AT00000VIE62,54.84,2024-10-09,arima,flughafen-wien-ag
AT00000VIE62,54.86,2024-10-10,arima,flughafen-wien-ag
AT00000VIE62,54.89,2024-10-11,arima,flughafen-wien-ag
AT00000VIE62,54.91,2024-10-14,arima,flughafen-wien-ag
AT00000VIE62,54.93,2024-10-15,arima,flughafen-wien-ag
AT00000VIE62,54.96,2024-10-16,arima,flughafen-wien-ag
AT00000VIE62,54.98,2024-10-17,arima,flughafen-wien-ag
AT00000VIE62,55.0,2024-10-18,arima,flughafen-wien-ag
AT00000VIE62,55.02,2024-10-21,arima,flughafen-wien-ag
AT00000VIE62,54.83,2024-10-08,exp_smoothing,flughafen-wien-ag
AT00000VIE62,54.84,2024-10-09,exp_smoothing,flughafen-wien-ag
AT00000VIE62,54.86,2024-10-10,exp_smoothing,flughafen-wien-ag
AT00000VIE62,54.89,2024-10-11,exp_smoothing,flughafen-wien-ag
AT00000VIE62,54.91,2024-10-14,exp_smoothing,flughafen-wien-ag
AT00000VIE62,54.93,2024-10-15,exp_smoothing,flughafen-wien-ag
AT00000VIE62,54.96,2024-10-16,exp_smoothing,flughafen-wien-ag
AT00000VIE62,54.98,2024-10-17,exp_smoothing,flughafen-wien-ag
AT00000VIE62,55.0,2024-10-18,exp_smoothing,flughafen-wien-ag
AT00000VIE62,55.02,2024-10-21,exp_smoothing,flughafen-wien-ag
AT00000VIE62,54.8,2024-10-08,lgbm_regressor,flughafen-wien-ag
AT00000VIE62,54.8,2024-10-09,lgbm_regressor,flughafen-wien-ag
AT00000VIE62,54.8,2024-10-10,lgbm_regressor,flughafen-wien-ag
AT00000VIE62,54.8,2024-10-11,lgbm_regressor,flughafen-wien-ag
AT00000VIE62,54.8,2024-10-14,lgbm_regressor,flughafen-wien-ag
AT00000VIE62,54.81,2024-10-15,lgbm_regressor,flughafen-wien-ag
AT00000VIE62,54.82,2024-10-16,lgbm_regressor,flughafen-wien-ag
AT00000VIE62,54.82,2024-10-17,lgbm_regressor,flughafen-wien-ag
AT00000VIE62,54.83,2024-10-18,lgbm_regressor,flughafen-wien-ag
AT00000VIE62,54.84,2024-10-21,lgbm_regressor,flughafen-wien-ag
AT00000VIE62,55.05,2024-10-08,nn_regressor,flughafen-wien-ag
AT00000VIE62,55.33,2024-10-09,nn_regressor,flughafen-wien-ag
AT00000VIE62,55.17,2024-10-10,nn_regressor,flughafen-wien-ag
AT00000VIE62,55.21,2024-10-11,nn_regressor,flughafen-wien-ag
AT00000VIE62,55.03,2024-10-14,nn_regressor,flughafen-wien-ag
AT00000VIE62,55.03,2024-10-15,nn_regressor,flughafen-wien-ag
AT00000VIE62,55.3,2024-10-16,nn_regressor,flughafen-wien-ag
AT00000VIE62,55.43,2024-10-17,nn_regressor,flughafen-wien-ag
AT00000VIE62,55.51,2024-10-18,nn_regressor,flughafen-wien-ag
AT00000VIE62,55.27,2024-10-21,nn_regressor,flughafen-wien-ag
AT00000VIE62,54.79,2024-10-08,prophet,flughafen-wien-ag
AT00000VIE62,54.79,2024-10-09,prophet,flughafen-wien-ag
AT00000VIE62,54.78,2024-10-10,prophet,flughafen-wien-ag
AT00000VIE62,54.78,2024-10-11,prophet,flughafen-wien-ag
AT00000VIE62,54.77,2024-10-14,prophet,flughafen-wien-ag
AT00000VIE62,54.76,2024-10-15,prophet,flughafen-wien-ag
AT00000VIE62,54.76,2024-10-16,prophet,flughafen-wien-ag
AT00000VIE62,54.75,2024-10-17,prophet,flughafen-wien-ag
AT00000VIE62,54.75,2024-10-18,prophet,flughafen-wien-ag
AT00000VIE62,54.74,2024-10-21,prophet,flughafen-wien-ag
AT00000VIE62,53.99,2024-10-08,rnn_regressor,flughafen-wien-ag
AT00000VIE62,53.44,2024-10-09,rnn_regressor,flughafen-wien-ag
AT00000VIE62,52.51,2024-10-10,rnn_regressor,flughafen-wien-ag
AT00000VIE62,52.19,2024-10-11,rnn_regressor,flughafen-wien-ag
AT00000VIE62,51.59,2024-10-14,rnn_regressor,flughafen-wien-ag
AT00000VIE62,51.24,2024-10-15,rnn_regressor,flughafen-wien-ag
AT00000VIE62,50.99,2024-10-16,rnn_regressor,flughafen-wien-ag
AT00000VIE62,51.05,2024-10-17,rnn_regressor,flughafen-wien-ag
AT00000VIE62,51.25,2024-10-18,rnn_regressor,flughafen-wien-ag
AT00000VIE62,51.1,2024-10-21,rnn_regressor,flughafen-wien-ag
AT00000VIE62,54.8,2024-10-08,xgb_regressor,flughafen-wien-ag
AT00000VIE62,54.8,2024-10-09,xgb_regressor,flughafen-wien-ag
AT00000VIE62,54.8,2024-10-10,xgb_regressor,flughafen-wien-ag
AT00000VIE62,54.8,2024-10-11,xgb_regressor,flughafen-wien-ag
AT00000VIE62,54.81,2024-10-14,xgb_regressor,flughafen-wien-ag
AT00000VIE62,54.81,2024-10-15,xgb_regressor,flughafen-wien-ag
AT00000VIE62,54.82,2024-10-16,xgb_regressor,flughafen-wien-ag
AT00000VIE62,54.82,2024-10-17,xgb_regressor,flughafen-wien-ag
AT00000VIE62,54.83,2024-10-18,xgb_regressor,flughafen-wien-ag
AT00000VIE62,54.84,2024-10-21,xgb_regressor,flughafen-wien-ag
AT0000741053,28.86,2024-10-08,arima,evn-ag
AT0000741053,28.87,2024-10-09,arima,evn-ag
AT0000741053,28.88,2024-10-10,arima,evn-ag
AT0000741053,28.89,2024-10-11,arima,evn-ag
AT0000741053,28.9,2024-10-14,arima,evn-ag
AT0000741053,28.91,2024-10-15,arima,evn-ag
AT0000741053,28.92,2024-10-16,arima,evn-ag
AT0000741053,28.93,2024-10-17,arima,evn-ag
AT0000741053,28.94,2024-10-18,arima,evn-ag
AT0000741053,28.94,2024-10-21,arima,evn-ag
AT0000741053,28.62,2024-10-08,exp_smoothing,evn-ag
AT0000741053,28.38,2024-10-09,exp_smoothing,evn-ag
AT0000741053,28.15,2024-10-10,exp_smoothing,evn-ag
AT0000741053,27.92,2024-10-11,exp_smoothing,evn-ag
AT0000741053,27.69,2024-10-14,exp_smoothing,evn-ag
AT0000741053,27.46,2024-10-15,exp_smoothing,evn-ag
AT0000741053,27.23,2024-10-16,exp_smoothing,evn-ag
AT0000741053,27.01,2024-10-17,exp_smoothing,evn-ag
AT0000741053,26.78,2024-10-18,exp_smoothing,evn-ag
AT0000741053,26.56,2024-10-21,exp_smoothing,evn-ag
AT0000741053,28.84,2024-10-08,lgbm_regressor,evn-ag
AT0000741053,28.84,2024-10-09,lgbm_regressor,evn-ag
AT0000741053,28.84,2024-10-10,lgbm_regressor,evn-ag
AT0000741053,28.84,2024-10-11,lgbm_regressor,evn-ag
AT0000741053,28.84,2024-10-14,lgbm_regressor,evn-ag
AT0000741053,28.84,2024-10-15,lgbm_regressor,evn-ag
AT0000741053,28.85,2024-10-16,lgbm_regressor,evn-ag
AT0000741053,28.85,2024-10-17,lgbm_regressor,evn-ag
AT0000741053,28.85,2024-10-18,lgbm_regressor,evn-ag
AT0000741053,28.86,2024-10-21,lgbm_regressor,evn-ag
AT0000741053,28.77,2024-10-08,nn_regressor,evn-ag
AT0000741053,29.08,2024-10-09,nn_regressor,evn-ag
AT0000741053,29.18,2024-10-10,nn_regressor,evn-ag
AT0000741053,29.45,2024-10-11,nn_regressor,evn-ag
AT0000741053,29.08,2024-10-14,nn_regressor,evn-ag
AT0000741053,29.04,2024-10-15,nn_regressor,evn-ag
AT0000741053,28.83,2024-10-16,nn_regressor,evn-ag
AT0000741053,28.83,2024-10-17,nn_regressor,evn-ag
AT0000741053,28.96,2024-10-18,nn_regressor,evn-ag
AT0000741053,28.99,2024-10-21,nn_regressor,evn-ag
AT0000741053,28.85,2024-10-08,prophet,evn-ag
AT0000741053,28.85,2024-10-09,prophet,evn-ag
AT0000741053,28.85,2024-10-10,prophet,evn-ag
AT0000741053,28.86,2024-10-11,prophet,evn-ag
AT0000741053,28.86,2024-10-14,prophet,evn-ag
AT0000741053,28.86,2024-10-15,prophet,evn-ag
AT0000741053,28.86,2024-10-16,prophet,evn-ag
AT0000741053,28.86,2024-10-17,prophet,evn-ag
AT0000741053,28.86,2024-10-18,prophet,evn-ag
AT0000741053,28.87,2024-10-21,prophet,evn-ag
AT0000741053,28.72,2024-10-08,rnn_regressor,evn-ag
AT0000741053,28.58,2024-10-09,rnn_regressor,evn-ag
AT0000741053,28.87,2024-10-10,rnn_regressor,evn-ag
AT0000741053,28.67,2024-10-11,rnn_regressor,evn-ag
AT0000741053,28.75,2024-10-14,rnn_regressor,evn-ag
AT0000741053,28.1,2024-10-15,rnn_regressor,evn-ag
AT0000741053,27.69,2024-10-16,rnn_regressor,evn-ag
AT0000741053,26.73,2024-10-17,rnn_regressor,evn-ag
AT0000741053,26.44,2024-10-18,rnn_regressor,evn-ag
AT0000741053,26.51,2024-10-21,rnn_regressor,evn-ag
AT0000741053,28.86,2024-10-08,xgb_regressor,evn-ag
AT0000741053,28.86,2024-10-09,xgb_regressor,evn-ag
AT0000741053,28.86,2024-10-10,xgb_regressor,evn-ag
AT0000741053,28.86,2024-10-11,xgb_regressor,evn-ag
AT0000741053,28.86,2024-10-14,xgb_regressor,evn-ag
AT0000741053,28.86,2024-10-15,xgb_regressor,evn-ag
AT0000741053,28.87,2024-10-16,xgb_regressor,evn-ag
AT0000741053,28.87,2024-10-17,xgb_regressor,evn-ag
AT0000741053,28.87,2024-10-18,xgb_regressor,evn-ag
AT0000741053,28.88,2024-10-21,xgb_regressor,evn-ag
AT0000785555,11.68,2024-10-08,arima,semperit-ag-holding
AT0000785555,11.65,2024-10-09,arima,semperit-ag-holding
AT0000785555,11.63,2024-10-10,arima,semperit-ag-holding
AT0000785555,11.61,2024-10-11,arima,semperit-ag-holding
AT0000785555,11.59,2024-10-14,arima,semperit-ag-holding
AT0000785555,11.58,2024-10-15,arima,semperit-ag-holding
AT0000785555,11.56,2024-10-16,arima,semperit-ag-holding
AT0000785555,11.54,2024-10-17,arima,semperit-ag-holding
AT0000785555,11.53,2024-10-18,arima,semperit-ag-holding
AT0000785555,11.51,2024-10-21,arima,semperit-ag-holding
AT0000785555,11.68,2024-10-08,exp_smoothing,semperit-ag-holding
AT0000785555,11.65,2024-10-09,exp_smoothing,semperit-ag-holding
AT0000785555,11.63,2024-10-10,exp_smoothing,semperit-ag-holding
AT0000785555,11.61,2024-10-11,exp_smoothing,semperit-ag-holding
AT0000785555,11.59,2024-10-14,exp_smoothing,semperit-ag-holding
AT0000785555,11.58,2024-10-15,exp_smoothing,semperit-ag-holding
AT0000785555,11.56,2024-10-16,exp_smoothing,semperit-ag-holding
AT0000785555,11.54,2024-10-17,exp_smoothing,semperit-ag-holding
AT0000785555,11.53,2024-10-18,exp_smoothing,semperit-ag-holding
AT0000785555,11.51,2024-10-21,exp_smoothing,semperit-ag-holding
AT0000785555,11.7,2024-10-08,lgbm_regressor,semperit-ag-holding
AT0000785555,11.7,2024-10-09,lgbm_regressor,semperit-ag-holding
AT0000785555,11.7,2024-10-10,lgbm_regressor,semperit-ag-holding
AT0000785555,11.7,2024-10-11,lgbm_regressor,semperit-ag-holding
AT0000785555,11.7,2024-10-14,lgbm_regressor,semperit-ag-holding
AT0000785555,11.7,2024-10-15,lgbm_regressor,semperit-ag-holding
AT0000785555,11.7,2024-10-16,lgbm_regressor,semperit-ag-holding
AT0000785555,11.7,2024-10-17,lgbm_regressor,semperit-ag-holding
AT0000785555,11.7,2024-10-18,lgbm_regressor,semperit-ag-holding
AT0000785555,11.71,2024-10-21,lgbm_regressor,semperit-ag-holding
AT0000785555,11.71,2024-10-08,nn_regressor,semperit-ag-holding
AT0000785555,11.78,2024-10-09,nn_regressor,semperit-ag-holding
AT0000785555,11.74,2024-10-10,nn_regressor,semperit-ag-holding
AT0000785555,11.77,2024-10-11,nn_regressor,semperit-ag-holding
AT0000785555,11.69,2024-10-14,nn_regressor,semperit-ag-holding
AT0000785555,11.65,2024-10-15,nn_regressor,semperit-ag-holding
AT0000785555,11.6,2024-10-16,nn_regressor,semperit-ag-holding
AT0000785555,11.62,2024-10-17,nn_regressor,semperit-ag-holding
AT0000785555,11.68,2024-10-18,nn_regressor,semperit-ag-holding
AT0000785555,11.79,2024-10-21,nn_regressor,semperit-ag-holding
AT0000785555,11.68,2024-10-08,prophet,semperit-ag-holding
AT0000785555,11.66,2024-10-09,prophet,semperit-ag-holding
AT0000785555,11.65,2024-10-10,prophet,semperit-ag-holding
AT0000785555,11.63,2024-10-11,prophet,semperit-ag-holding
AT0000785555,11.61,2024-10-14,prophet,semperit-ag-holding
AT0000785555,11.59,2024-10-15,prophet,semperit-ag-holding
AT0000785555,11.57,2024-10-16,prophet,semperit-ag-holding
AT0000785555,11.55,2024-10-17,prophet,semperit-ag-holding
AT0000785555,11.54,2024-10-18,prophet,semperit-ag-holding
AT0000785555,11.52,2024-10-21,prophet,semperit-ag-holding
AT0000785555,11.6,2024-10-08,rnn_regressor,semperit-ag-holding
AT0000785555,11.68,2024-10-09,rnn_regressor,semperit-ag-holding
AT0000785555,11.71,2024-10-10,rnn_regressor,semperit-ag-holding
AT0000785555,11.62,2024-10-11,rnn_regressor,semperit-ag-holding
AT0000785555,11.43,2024-10-14,rnn_regressor,semperit-ag-holding
AT0000785555,11.01,2024-10-15,rnn_regressor,semperit-ag-holding
AT0000785555,11.11,2024-10-16,rnn_regressor,semperit-ag-holding
AT0000785555,11.01,2024-10-17,rnn_regressor,semperit-ag-holding
AT0000785555,10.85,2024-10-18,rnn_regressor,semperit-ag-holding
AT0000785555,10.79,2024-10-21,rnn_regressor,semperit-ag-holding
AT0000785555,11.69,2024-10-08,xgb_regressor,semperit-ag-holding
AT0000785555,11.69,2024-10-09,xgb_regressor,semperit-ag-holding
AT0000785555,11.69,2024-10-10,xgb_regressor,semperit-ag-holding
AT0000785555,11.69,2024-10-11,xgb_regressor,semperit-ag-holding
AT0000785555,11.69,2024-10-14,xgb_regressor,semperit-ag-holding
AT0000785555,11.69,2024-10-15,xgb_regressor,semperit-ag-holding
AT0000785555,11.7,2024-10-16,xgb_regressor,semperit-ag-holding
AT0000785555,11.7,2024-10-17,xgb_regressor,semperit-ag-holding
AT0000785555,11.7,2024-10-18,xgb_regressor,semperit-ag-holding
AT0000785555,11.7,2024-10-21,xgb_regressor,semperit-ag-holding
AT0000831706,29.42,2024-10-08,arima,wienerberger-ag
AT0000831706,29.43,2024-10-09,arima,wienerberger-ag
AT0000831706,29.45,2024-10-10,arima,wienerberger-ag
AT0000831706,29.46,2024-10-11,arima,wienerberger-ag
AT0000831706,29.48,2024-10-14,arima,wienerberger-ag
AT0000831706,29.5,2024-10-15,arima,wienerberger-ag
AT0000831706,29.52,2024-10-16,arima,wienerberger-ag
AT0000831706,29.54,2024-10-17,arima,wienerberger-ag
AT0000831706,29.56,2024-10-18,arima,wienerberger-ag
AT0000831706,29.58,2024-10-21,arima,wienerberger-ag
AT0000831706,29.42,2024-10-08,exp_smoothing,wienerberger-ag
AT0000831706,29.43,2024-10-09,exp_smoothing,wienerberger-ag
AT0000831706,29.41,2024-10-10,exp_smoothing,wienerberger-ag
AT0000831706,29.4,2024-10-11,exp_smoothing,wienerberger-ag
AT0000831706,29.39,2024-10-14,exp_smoothing,wienerberger-ag
AT0000831706,29.37,2024-10-15,exp_smoothing,wienerberger-ag
AT0000831706,29.35,2024-10-16,exp_smoothing,wienerberger-ag
AT0000831706,29.33,2024-10-17,exp_smoothing,wienerberger-ag
AT0000831706,29.31,2024-10-18,exp_smoothing,wienerberger-ag
AT0000831706,29.29,2024-10-21,exp_smoothing,wienerberger-ag
AT0000831706,29.42,2024-10-08,lgbm_regressor,wienerberger-ag
AT0000831706,29.42,2024-10-09,lgbm_regressor,wienerberger-ag
AT0000831706,29.42,2024-10-10,lgbm_regressor,wienerberger-ag
AT0000831706,29.42,2024-10-11,lgbm_regressor,wienerberger-ag
AT0000831706,29.42,2024-10-14,lgbm_regressor,wienerberger-ag
AT0000831706,29.42,2024-10-15,lgbm_regressor,wienerberger-ag
AT0000831706,29.43,2024-10-16,lgbm_regressor,wienerberger-ag
AT0000831706,29.43,2024-10-17,lgbm_regressor,wienerberger-ag
AT0000831706,29.43,2024-10-18,lgbm_regressor,wienerberger-ag
AT0000831706,29.44,2024-10-21,lgbm_regressor,wienerberger-ag
AT0000831706,29.58,2024-10-08,nn_regressor,wienerberger-ag
AT0000831706,30.03,2024-10-09,nn_regressor,wienerberger-ag
AT0000831706,30.15,2024-10-10,nn_regressor,wienerberger-ag
AT0000831706,30.08,2024-10-11,nn_regressor,wienerberger-ag
AT0000831706,30.08,2024-10-14,nn_regressor,wienerberger-ag
AT0000831706,30.11,2024-10-15,nn_regressor,wienerberger-ag
AT0000831706,29.96,2024-10-16,nn_regressor,wienerberger-ag
AT0000831706,29.92,2024-10-17,nn_regressor,wienerberger-ag
AT0000831706,30.33,2024-10-18,nn_regressor,wienerberger-ag
AT0000831706,30.41,2024-10-21,nn_regressor,wienerberger-ag
AT0000831706,29.42,2024-10-08,prophet,wienerberger-ag
AT0000831706,29.43,2024-10-09,prophet,wienerberger-ag
AT0000831706,29.45,2024-10-10,prophet,wienerberger-ag
AT0000831706,29.46,2024-10-11,prophet,wienerberger-ag
AT0000831706,29.48,2024-10-14,prophet,wienerberger-ag
AT0000831706,29.5,2024-10-15,prophet,wienerberger-ag
AT0000831706,29.52,2024-10-16,prophet,wienerberger-ag
AT0000831706,29.54,2024-10-17,prophet,wienerberger-ag
AT0000831706,29.56,2024-10-18,prophet,wienerberger-ag
AT0000831706,29.59,2024-10-21,prophet,wienerberger-ag
AT0000831706,29.5,2024-10-08,rnn_regressor,wienerberger-ag
AT0000831706,29.86,2024-10-09,rnn_regressor,wienerberger-ag
AT0000831706,29.54,2024-10-10,rnn_regressor,wienerberger-ag
AT0000831706,29.56,2024-10-11,rnn_regressor,wienerberger-ag
AT0000831706,29.17,2024-10-14,rnn_regressor,wienerberger-ag
AT0000831706,28.71,2024-10-15,rnn_regressor,wienerberger-ag
AT0000831706,28.11,2024-10-16,rnn_regressor,wienerberger-ag
AT0000831706,27.79,2024-10-17,rnn_regressor,wienerberger-ag
AT0000831706,27.06,2024-10-18,rnn_regressor,wienerberger-ag
AT0000831706,27.12,2024-10-21,rnn_regressor,wienerberger-ag
AT0000831706,29.41,2024-10-08,xgb_regressor,wienerberger-ag
AT0000831706,29.41,2024-10-09,xgb_regressor,wienerberger-ag
AT0000831706,29.41,2024-10-10,xgb_regressor,wienerberger-ag
AT0000831706,29.41,2024-10-11,xgb_regressor,wienerberger-ag
AT0000831706,29.41,2024-10-14,xgb_regressor,wienerberger-ag
AT0000831706,29.42,2024-10-15,xgb_regressor,wienerberger-ag
AT0000831706,29.42,2024-10-16,xgb_regressor,wienerberger-ag
AT0000831706,29.42,2024-10-17,xgb_regressor,wienerberger-ag
AT0000831706,29.43,2024-10-18,xgb_regressor,wienerberger-ag
AT0000831706,29.43,2024-10-21,xgb_regressor,wienerberger-ag
AT0000644505,32.38,2024-10-08,arima,lenzing-ag
AT0000644505,32.36,2024-10-09,arima,lenzing-ag
AT0000644505,32.35,2024-10-10,arima,lenzing-ag
AT0000644505,32.34,2024-10-11,arima,lenzing-ag
AT0000644505,32.32,2024-10-14,arima,lenzing-ag
AT0000644505,32.31,2024-10-15,arima,lenzing-ag
AT0000644505,32.29,2024-10-16,arima,lenzing-ag
AT0000644505,32.28,2024-10-17,arima,lenzing-ag
AT0000644505,32.27,2024-10-18,arima,lenzing-ag
AT0000644505,32.26,2024-10-21,arima,lenzing-ag
AT0000644505,32.38,2024-10-08,exp_smoothing,lenzing-ag
AT0000644505,32.36,2024-10-09,exp_smoothing,lenzing-ag
AT0000644505,32.35,2024-10-10,exp_smoothing,lenzing-ag
AT0000644505,32.34,2024-10-11,exp_smoothing,lenzing-ag
AT0000644505,32.32,2024-10-14,exp_smoothing,lenzing-ag
AT0000644505,32.31,2024-10-15,exp_smoothing,lenzing-ag
AT0000644505,32.29,2024-10-16,exp_smoothing,lenzing-ag
AT0000644505,32.28,2024-10-17,exp_smoothing,lenzing-ag
AT0000644505,32.27,2024-10-18,exp_smoothing,lenzing-ag
AT0000644505,32.26,2024-10-21,exp_smoothing,lenzing-ag
AT0000644505,32.4,2024-10-08,lgbm_regressor,lenzing-ag
AT0000644505,32.4,2024-10-09,lgbm_regressor,lenzing-ag
AT0000644505,32.4,2024-10-10,lgbm_regressor,lenzing-ag
AT0000644505,32.4,2024-10-11,lgbm_regressor,lenzing-ag
AT0000644505,32.4,2024-10-14,lgbm_regressor,lenzing-ag
AT0000644505,32.4,2024-10-15,lgbm_regressor,lenzing-ag
AT0000644505,32.41,2024-10-16,lgbm_regressor,lenzing-ag
AT0000644505,32.41,2024-10-17,lgbm_regressor,lenzing-ag
AT0000644505,32.42,2024-10-18,lgbm_regressor,lenzing-ag
AT0000644505,32.42,2024-10-21,lgbm_regressor,lenzing-ag
AT0000644505,32.67,2024-10-08,nn_regressor,lenzing-ag
AT0000644505,33.02,2024-10-09,nn_regressor,lenzing-ag
AT0000644505,33.12,2024-10-10,nn_regressor,lenzing-ag
AT0000644505,33.42,2024-10-11,nn_regressor,lenzing-ag
AT0000644505,34.2,2024-10-14,nn_regressor,lenzing-ag
AT0000644505,34.32,2024-10-15,nn_regressor,lenzing-ag
AT0000644505,34.19,2024-10-16,nn_regressor,lenzing-ag
AT0000644505,34.46,2024-10-17,nn_regressor,lenzing-ag
AT0000644505,34.48,2024-10-18,nn_regressor,lenzing-ag
AT0000644505,34.57,2024-10-21,nn_regressor,lenzing-ag
AT0000644505,32.4,2024-10-08,prophet,lenzing-ag
AT0000644505,32.39,2024-10-09,prophet,lenzing-ag
AT0000644505,32.4,2024-10-10,prophet,lenzing-ag
AT0000644505,32.4,2024-10-11,prophet,lenzing-ag
AT0000644505,32.4,2024-10-14,prophet,lenzing-ag
AT0000644505,32.41,2024-10-15,prophet,lenzing-ag
AT0000644505,32.41,2024-10-16,prophet,lenzing-ag
AT0000644505,32.43,2024-10-17,prophet,lenzing-ag
AT0000644505,32.44,2024-10-18,prophet,lenzing-ag
AT0000644505,32.45,2024-10-21,prophet,lenzing-ag
AT0000644505,32.26,2024-10-08,rnn_regressor,lenzing-ag
AT0000644505,32.35,2024-10-09,rnn_regressor,lenzing-ag
AT0000644505,32.09,2024-10-10,rnn_regressor,lenzing-ag
AT0000644505,32.57,2024-10-11,rnn_regressor,lenzing-ag
AT0000644505,33.54,2024-10-14,rnn_regressor,lenzing-ag
AT0000644505,33.13,2024-10-15,rnn_regressor,lenzing-ag
AT0000644505,32.82,2024-10-16,rnn_regressor,lenzing-ag
AT0000644505,32.71,2024-10-17,rnn_regressor,lenzing-ag
AT0000644505,32.61,2024-10-18,rnn_regressor,lenzing-ag
AT0000644505,32.45,2024-10-21,rnn_regressor,lenzing-ag
AT0000644505,32.4,2024-10-08,xgb_regressor,lenzing-ag
AT0000644505,32.4,2024-10-09,xgb_regressor,lenzing-ag
AT0000644505,32.4,2024-10-10,xgb_regressor,lenzing-ag
AT0000644505,32.4,2024-10-11,xgb_regressor,lenzing-ag
AT0000644505,32.4,2024-10-14,xgb_regressor,lenzing-ag
AT0000644505,32.41,2024-10-15,xgb_regressor,lenzing-ag
AT0000644505,32.41,2024-10-16,xgb_regressor,lenzing-ag
AT0000644505,32.41,2024-10-17,xgb_regressor,lenzing-ag
AT0000644505,32.42,2024-10-18,xgb_regressor,lenzing-ag
AT0000644505,32.42,2024-10-21,xgb_regressor,lenzing-ag
AT0000758305,21.99,2024-10-08,arima,palfinger-ag
AT0000758305,21.98,2024-10-09,arima,palfinger-ag
AT0000758305,21.98,2024-10-10,arima,palfinger-ag
AT0000758305,21.97,2024-10-11,arima,palfinger-ag
AT0000758305,21.97,2024-10-14,arima,palfinger-ag
AT0000758305,21.96,2024-10-15,arima,palfinger-ag
AT0000758305,21.96,2024-10-16,arima,palfinger-ag
AT0000758305,21.96,2024-10-17,arima,palfinger-ag
AT0000758305,21.96,2024-10-18,arima,palfinger-ag
AT0000758305,21.96,2024-10-21,arima,palfinger-ag
AT0000758305,21.99,2024-10-08,exp_smoothing,palfinger-ag
AT0000758305,21.98,2024-10-09,exp_smoothing,palfinger-ag
AT0000758305,21.98,2024-10-10,exp_smoothing,palfinger-ag
AT0000758305,21.97,2024-10-11,exp_smoothing,palfinger-ag
AT0000758305,21.97,2024-10-14,exp_smoothing,palfinger-ag
AT0000758305,21.96,2024-10-15,exp_smoothing,palfinger-ag
AT0000758305,21.96,2024-10-16,exp_smoothing,palfinger-ag
AT0000758305,21.96,2024-10-17,exp_smoothing,palfinger-ag
AT0000758305,21.96,2024-10-18,exp_smoothing,palfinger-ag
AT0000758305,21.96,2024-10-21,exp_smoothing,palfinger-ag
AT0000758305,22.01,2024-10-08,lgbm_regressor,palfinger-ag
AT0000758305,22.01,2024-10-09,lgbm_regressor,palfinger-ag
AT0000758305,22.01,2024-10-10,lgbm_regressor,palfinger-ag
AT0000758305,22.01,2024-10-11,lgbm_regressor,palfinger-ag
AT0000758305,22.01,2024-10-14,lgbm_regressor,palfinger-ag
AT0000758305,22.01,2024-10-15,lgbm_regressor,palfinger-ag
AT0000758305,22.02,2024-10-16,lgbm_regressor,palfinger-ag
AT0000758305,22.02,2024-10-17,lgbm_regressor,palfinger-ag
AT0000758305,22.02,2024-10-18,lgbm_regressor,palfinger-ag
AT0000758305,22.02,2024-10-21,lgbm_regressor,palfinger-ag
AT0000758305,22.39,2024-10-08,nn_regressor,palfinger-ag
AT0000758305,22.47,2024-10-09,nn_regressor,palfinger-ag
AT0000758305,22.95,2024-10-10,nn_regressor,palfinger-ag
AT0000758305,23.27,2024-10-11,nn_regressor,palfinger-ag
AT0000758305,23.36,2024-10-14,nn_regressor,palfinger-ag
AT0000758305,23.47,2024-10-15,nn_regressor,palfinger-ag
AT0000758305,23.35,2024-10-16,nn_regressor,palfinger-ag
AT0000758305,23.39,2024-10-17,nn_regressor,palfinger-ag
AT0000758305,23.56,2024-10-18,nn_regressor,palfinger-ag
AT0000758305,23.74,2024-10-21,nn_regressor,palfinger-ag
AT0000758305,22.0,2024-10-08,prophet,palfinger-ag
AT0000758305,22.0,2024-10-09,prophet,palfinger-ag
AT0000758305,22.0,2024-10-10,prophet,palfinger-ag
AT0000758305,22.0,2024-10-11,prophet,palfinger-ag
AT0000758305,22.0,2024-10-14,prophet,palfinger-ag
AT0000758305,22.01,2024-10-15,prophet,palfinger-ag
AT0000758305,22.01,2024-10-16,prophet,palfinger-ag
AT0000758305,22.01,2024-10-17,prophet,palfinger-ag
AT0000758305,22.02,2024-10-18,prophet,palfinger-ag
AT0000758305,22.02,2024-10-21,prophet,palfinger-ag
AT0000758305,21.89,2024-10-08,rnn_regressor,palfinger-ag
AT0000758305,21.86,2024-10-09,rnn_regressor,palfinger-ag
AT0000758305,22.24,2024-10-10,rnn_regressor,palfinger-ag
AT0000758305,21.87,2024-10-11,rnn_regressor,palfinger-ag
AT0000758305,22.04,2024-10-14,rnn_regressor,palfinger-ag
AT0000758305,21.73,2024-10-15,rnn_regressor,palfinger-ag
AT0000758305,21.17,2024-10-16,rnn_regressor,palfinger-ag
AT0000758305,21.13,2024-10-17,rnn_regressor,palfinger-ag
AT0000758305,21.11,2024-10-18,rnn_regressor,palfinger-ag
AT0000758305,21.0,2024-10-21,rnn_regressor,palfinger-ag
AT0000758305,22.01,2024-10-08,xgb_regressor,palfinger-ag
AT0000758305,22.01,2024-10-09,xgb_regressor,palfinger-ag
AT0000758305,22.01,2024-10-10,xgb_regressor,palfinger-ag
AT0000758305,22.01,2024-10-11,xgb_regressor,palfinger-ag
AT0000758305,22.01,2024-10-14,xgb_regressor,palfinger-ag
AT0000758305,22.02,2024-10-15,xgb_regressor,palfinger-ag
AT0000758305,22.02,2024-10-16,xgb_regressor,palfinger-ag
AT0000758305,22.02,2024-10-17,xgb_regressor,palfinger-ag
AT0000758305,22.03,2024-10-18,xgb_regressor,palfinger-ag
AT0000758305,22.03,2024-10-21,xgb_regressor,palfinger-ag
AT0000938204,85.88,2024-10-08,arima,mayr-melnhof-karton-ag
AT0000938204,85.76,2024-10-09,arima,mayr-melnhof-karton-ag
AT0000938204,85.63,2024-10-10,arima,mayr-melnhof-karton-ag
AT0000938204,85.51,2024-10-11,arima,mayr-melnhof-karton-ag
AT0000938204,85.39,2024-10-14,arima,mayr-melnhof-karton-ag
AT0000938204,85.27,2024-10-15,arima,mayr-melnhof-karton-ag
AT0000938204,85.15,2024-10-16,arima,mayr-melnhof-karton-ag
AT0000938204,85.03,2024-10-17,arima,mayr-melnhof-karton-ag
AT0000938204,84.91,2024-10-18,arima,mayr-melnhof-karton-ag
AT0000938204,84.79,2024-10-21,arima,mayr-melnhof-karton-ag
AT0000938204,85.88,2024-10-08,exp_smoothing,mayr-melnhof-karton-ag
AT0000938204,85.76,2024-10-09,exp_smoothing,mayr-melnhof-karton-ag
AT0000938204,85.63,2024-10-10,exp_smoothing,mayr-melnhof-karton-ag
AT0000938204,85.51,2024-10-11,exp_smoothing,mayr-melnhof-karton-ag
AT0000938204,85.39,2024-10-14,exp_smoothing,mayr-melnhof-karton-ag
AT0000938204,85.27,2024-10-15,exp_smoothing,mayr-melnhof-karton-ag
AT0000938204,85.15,2024-10-16,exp_smoothing,mayr-melnhof-karton-ag
AT0000938204,85.03,2024-10-17,exp_smoothing,mayr-melnhof-karton-ag
AT0000938204,84.91,2024-10-18,exp_smoothing,mayr-melnhof-karton-ag
AT0000938204,84.79,2024-10-21,exp_smoothing,mayr-melnhof-karton-ag
AT0000938204,86.0,2024-10-08,lgbm_regressor,mayr-melnhof-karton-ag
AT0000938204,86.0,2024-10-09,lgbm_regressor,mayr-melnhof-karton-ag
AT0000938204,86.0,2024-10-10,lgbm_regressor,mayr-melnhof-karton-ag
AT0000938204,86.0,2024-10-11,lgbm_regressor,mayr-melnhof-karton-ag
AT0000938204,86.01,2024-10-14,lgbm_regressor,mayr-melnhof-karton-ag
AT0000938204,86.01,2024-10-15,lgbm_regressor,mayr-melnhof-karton-ag
AT0000938204,86.02,2024-10-16,lgbm_regressor,mayr-melnhof-karton-ag
AT0000938204,86.04,2024-10-17,lgbm_regressor,mayr-melnhof-karton-ag
AT0000938204,86.05,2024-10-18,lgbm_regressor,mayr-melnhof-karton-ag
AT0000938204,86.06,2024-10-21,lgbm_regressor,mayr-melnhof-karton-ag
AT0000938204,85.98,2024-10-08,nn_regressor,mayr-melnhof-karton-ag
AT0000938204,87.62,2024-10-09,nn_regressor,mayr-melnhof-karton-ag
AT0000938204,87.25,2024-10-10,nn_regressor,mayr-melnhof-karton-ag
AT0000938204,87.15,2024-10-11,nn_regressor,mayr-melnhof-karton-ag
AT0000938204,86.8,2024-10-14,nn_regressor,mayr-melnhof-karton-ag
AT0000938204,88.2,2024-10-15,nn_regressor,mayr-melnhof-karton-ag
AT0000938204,89.15,2024-10-16,nn_regressor,mayr-melnhof-karton-ag
AT0000938204,89.73,2024-10-17,nn_regressor,mayr-melnhof-karton-ag
AT0000938204,90.52,2024-10-18,nn_regressor,mayr-melnhof-karton-ag
AT0000938204,91.37,2024-10-21,nn_regressor,mayr-melnhof-karton-ag
AT0000938204,85.9,2024-10-08,prophet,mayr-melnhof-karton-ag
AT0000938204,85.81,2024-10-09,prophet,mayr-melnhof-karton-ag
AT0000938204,85.72,2024-10-10,prophet,mayr-melnhof-karton-ag
AT0000938204,85.63,2024-10-11,prophet,mayr-melnhof-karton-ag
AT0000938204,85.54,2024-10-14,prophet,mayr-melnhof-karton-ag
AT0000938204,85.45,2024-10-15,prophet,mayr-melnhof-karton-ag
AT0000938204,85.37,2024-10-16,prophet,mayr-melnhof-karton-ag
AT0000938204,85.3,2024-10-17,prophet,mayr-melnhof-karton-ag
AT0000938204,85.24,2024-10-18,prophet,mayr-melnhof-karton-ag
AT0000938204,85.16,2024-10-21,prophet,mayr-melnhof-karton-ag
AT0000938204,86.21,2024-10-08,rnn_regressor,mayr-melnhof-karton-ag
AT0000938204,86.09,2024-10-09,rnn_regressor,mayr-melnhof-karton-ag
AT0000938204,83.44,2024-10-10,rnn_regressor,mayr-melnhof-karton-ag
AT0000938204,84.6,2024-10-11,rnn_regressor,mayr-melnhof-karton-ag
AT0000938204,84.09,2024-10-14,rnn_regressor,mayr-melnhof-karton-ag
AT0000938204,84.34,2024-10-15,rnn_regressor,mayr-melnhof-karton-ag
AT0000938204,82.91,2024-10-16,rnn_regressor,mayr-melnhof-karton-ag
AT0000938204,82.31,2024-10-17,rnn_regressor,mayr-melnhof-karton-ag
AT0000938204,82.15,2024-10-18,rnn_regressor,mayr-melnhof-karton-ag
AT0000938204,81.86,2024-10-21,rnn_regressor,mayr-melnhof-karton-ag
AT0000938204,86.0,2024-10-08,xgb_regressor,mayr-melnhof-karton-ag
AT0000938204,86.0,2024-10-09,xgb_regressor,mayr-melnhof-karton-ag
AT0000938204,86.0,2024-10-10,xgb_regressor,mayr-melnhof-karton-ag
AT0000938204,86.0,2024-10-11,xgb_regressor,mayr-melnhof-karton-ag
AT0000938204,86.01,2024-10-14,xgb_regressor,mayr-melnhof-karton-ag
AT0000938204,86.02,2024-10-15,xgb_regressor,mayr-melnhof-karton-ag
AT0000938204,86.03,2024-10-16,xgb_regressor,mayr-melnhof-karton-ag
AT0000938204,86.04,2024-10-17,xgb_regressor,mayr-melnhof-karton-ag
AT0000938204,86.05,2024-10-18,xgb_regressor,mayr-melnhof-karton-ag
AT0000938204,86.06,2024-10-21,xgb_regressor,mayr-melnhof-karton-ag
AT0000908504,30.01,2024-10-08,arima,vienna-insurance-group-ag
AT0000908504,30.03,2024-10-09,arima,vienna-insurance-group-ag
AT0000908504,30.04,2024-10-10,arima,vienna-insurance-group-ag
AT0000908504,30.05,2024-10-11,arima,vienna-insurance-group-ag
AT0000908504,30.06,2024-10-14,arima,vienna-insurance-group-ag
AT0000908504,30.08,2024-10-15,arima,vienna-insurance-group-ag
AT0000908504,30.09,2024-10-16,arima,vienna-insurance-group-ag
AT0000908504,30.1,2024-10-17,arima,vienna-insurance-group-ag
AT0000908504,30.11,2024-10-18,arima,vienna-insurance-group-ag
AT0000908504,30.13,2024-10-21,arima,vienna-insurance-group-ag
AT0000908504,30.01,2024-10-08,exp_smoothing,vienna-insurance-group-ag
AT0000908504,30.03,2024-10-09,exp_smoothing,vienna-insurance-group-ag
AT0000908504,30.04,2024-10-10,exp_smoothing,vienna-insurance-group-ag
AT0000908504,30.05,2024-10-11,exp_smoothing,vienna-insurance-group-ag
AT0000908504,30.06,2024-10-14,exp_smoothing,vienna-insurance-group-ag
AT0000908504,30.08,2024-10-15,exp_smoothing,vienna-insurance-group-ag
AT0000908504,30.09,2024-10-16,exp_smoothing,vienna-insurance-group-ag
AT0000908504,30.1,2024-10-17,exp_smoothing,vienna-insurance-group-ag
AT0000908504,30.11,2024-10-18,exp_smoothing,vienna-insurance-group-ag
AT0000908504,30.13,2024-10-21,exp_smoothing,vienna-insurance-group-ag
AT0000908504,29.99,2024-10-08,lgbm_regressor,vienna-insurance-group-ag
AT0000908504,29.99,2024-10-09,lgbm_regressor,vienna-insurance-group-ag
AT0000908504,29.99,2024-10-10,lgbm_regressor,vienna-insurance-group-ag
AT0000908504,29.99,2024-10-11,lgbm_regressor,vienna-insurance-group-ag
AT0000908504,29.99,2024-10-14,lgbm_regressor,vienna-insurance-group-ag
AT0000908504,30.0,2024-10-15,lgbm_regressor,vienna-insurance-group-ag
AT0000908504,30.0,2024-10-16,lgbm_regressor,vienna-insurance-group-ag
AT0000908504,30.0,2024-10-17,lgbm_regressor,vienna-insurance-group-ag
AT0000908504,30.01,2024-10-18,lgbm_regressor,vienna-insurance-group-ag
AT0000908504,30.01,2024-10-21,lgbm_regressor,vienna-insurance-group-ag
AT0000908504,30.12,2024-10-08,nn_regressor,vienna-insurance-group-ag
AT0000908504,30.41,2024-10-09,nn_regressor,vienna-insurance-group-ag
AT0000908504,30.65,2024-10-10,nn_regressor,vienna-insurance-group-ag
AT0000908504,30.77,2024-10-11,nn_regressor,vienna-insurance-group-ag
AT0000908504,30.69,2024-10-14,nn_regressor,vienna-insurance-group-ag
AT0000908504,30.67,2024-10-15,nn_regressor,vienna-insurance-group-ag
AT0000908504,30.3,2024-10-16,nn_regressor,vienna-insurance-group-ag
AT0000908504,30.44,2024-10-17,nn_regressor,vienna-insurance-group-ag
AT0000908504,30.57,2024-10-18,nn_regressor,vienna-insurance-group-ag
AT0000908504,30.95,2024-10-21,nn_regressor,vienna-insurance-group-ag
AT0000908504,30.01,2024-10-08,prophet,vienna-insurance-group-ag
AT0000908504,30.02,2024-10-09,prophet,vienna-insurance-group-ag
AT0000908504,30.04,2024-10-10,prophet,vienna-insurance-group-ag
AT0000908504,30.05,2024-10-11,prophet,vienna-insurance-group-ag
AT0000908504,30.06,2024-10-14,prophet,vienna-insurance-group-ag
AT0000908504,30.08,2024-10-15,prophet,vienna-insurance-group-ag
AT0000908504,30.1,2024-10-16,prophet,vienna-insurance-group-ag
AT0000908504,30.11,2024-10-17,prophet,vienna-insurance-group-ag
AT0000908504,30.13,2024-10-18,prophet,vienna-insurance-group-ag
AT0000908504,30.15,2024-10-21,prophet,vienna-insurance-group-ag
AT0000908504,29.71,2024-10-08,rnn_regressor,vienna-insurance-group-ag
AT0000908504,29.87,2024-10-09,rnn_regressor,vienna-insurance-group-ag
AT0000908504,29.76,2024-10-10,rnn_regressor,vienna-insurance-group-ag
AT0000908504,29.54,2024-10-11,rnn_regressor,vienna-insurance-group-ag
AT0000908504,29.37,2024-10-14,rnn_regressor,vienna-insurance-group-ag
AT0000908504,29.07,2024-10-15,rnn_regressor,vienna-insurance-group-ag
AT0000908504,28.8,2024-10-16,rnn_regressor,vienna-insurance-group-ag
AT0000908504,28.68,2024-10-17,rnn_regressor,vienna-insurance-group-ag
AT0000908504,28.33,2024-10-18,rnn_regressor,vienna-insurance-group-ag
AT0000908504,28.41,2024-10-21,rnn_regressor,vienna-insurance-group-ag
AT0000908504,29.98,2024-10-08,xgb_regressor,vienna-insurance-group-ag
AT0000908504,29.98,2024-10-09,xgb_regressor,vienna-insurance-group-ag
AT0000908504,29.98,2024-10-10,xgb_regressor,vienna-insurance-group-ag
AT0000908504,29.98,2024-10-11,xgb_regressor,vienna-insurance-group-ag
AT0000908504,29.98,2024-10-14,xgb_regressor,vienna-insurance-group-ag
AT0000908504,29.99,2024-10-15,xgb_regressor,vienna-insurance-group-ag
AT0000908504,29.99,2024-10-16,xgb_regressor,vienna-insurance-group-ag
AT0000908504,30.0,2024-10-17,xgb_regressor,vienna-insurance-group-ag
AT0000908504,30.0,2024-10-18,xgb_regressor,vienna-insurance-group-ag
AT0000908504,30.0,2024-10-21,xgb_regressor,vienna-insurance-group-ag
AT0000A21KS2,22.05,2024-10-08,arima,immofinanz-ag
AT0000A21KS2,22.05,2024-10-09,arima,immofinanz-ag
AT0000A21KS2,22.04,2024-10-10,arima,immofinanz-ag
AT0000A21KS2,22.04,2024-10-11,arima,immofinanz-ag
AT0000A21KS2,22.04,2024-10-14,arima,immofinanz-ag
AT0000A21KS2,22.04,2024-10-15,arima,immofinanz-ag
AT0000A21KS2,22.04,2024-10-16,arima,immofinanz-ag
AT0000A21KS2,22.04,2024-10-17,arima,immofinanz-ag
AT0000A21KS2,22.03,2024-10-18,arima,immofinanz-ag
AT0000A21KS2,22.03,2024-10-21,arima,immofinanz-ag
AT0000A21KS2,21.77,2024-10-08,exp_smoothing,immofinanz-ag
AT0000A21KS2,21.49,2024-10-09,exp_smoothing,immofinanz-ag
AT0000A21KS2,21.22,2024-10-10,exp_smoothing,immofinanz-ag
AT0000A21KS2,20.95,2024-10-11,exp_smoothing,immofinanz-ag
AT0000A21KS2,20.68,2024-10-14,exp_smoothing,immofinanz-ag
AT0000A21KS2,20.42,2024-10-15,exp_smoothing,immofinanz-ag
AT0000A21KS2,20.16,2024-10-16,exp_smoothing,immofinanz-ag
AT0000A21KS2,19.91,2024-10-17,exp_smoothing,immofinanz-ag
AT0000A21KS2,19.65,2024-10-18,exp_smoothing,immofinanz-ag
AT0000A21KS2,19.41,2024-10-21,exp_smoothing,immofinanz-ag
AT0000A21KS2,21.99,2024-10-08,lgbm_regressor,immofinanz-ag
AT0000A21KS2,22.0,2024-10-09,lgbm_regressor,immofinanz-ag
AT0000A21KS2,22.0,2024-10-10,lgbm_regressor,immofinanz-ag
AT0000A21KS2,22.0,2024-10-11,lgbm_regressor,immofinanz-ag
AT0000A21KS2,22.01,2024-10-14,lgbm_regressor,immofinanz-ag
AT0000A21KS2,22.01,2024-10-15,lgbm_regressor,immofinanz-ag
AT0000A21KS2,22.01,2024-10-16,lgbm_regressor,immofinanz-ag
AT0000A21KS2,22.01,2024-10-17,lgbm_regressor,immofinanz-ag
AT0000A21KS2,22.02,2024-10-18,lgbm_regressor,immofinanz-ag
AT0000A21KS2,22.02,2024-10-21,lgbm_regressor,immofinanz-ag
AT0000A21KS2,22.5,2024-10-08,nn_regressor,immofinanz-ag
AT0000A21KS2,22.35,2024-10-09,nn_regressor,immofinanz-ag
AT0000A21KS2,22.56,2024-10-10,nn_regressor,immofinanz-ag
AT0000A21KS2,22.29,2024-10-11,nn_regressor,immofinanz-ag
AT0000A21KS2,22.24,2024-10-14,nn_regressor,immofinanz-ag
AT0000A21KS2,21.16,2024-10-15,nn_regressor,immofinanz-ag
AT0000A21KS2,21.0,2024-10-16,nn_regressor,immofinanz-ag
AT0000A21KS2,21.25,2024-10-17,nn_regressor,immofinanz-ag
AT0000A21KS2,21.38,2024-10-18,nn_regressor,immofinanz-ag
AT0000A21KS2,21.22,2024-10-21,nn_regressor,immofinanz-ag
AT0000A21KS2,22.03,2024-10-08,prophet,immofinanz-ag
AT0000A21KS2,22.01,2024-10-09,prophet,immofinanz-ag
AT0000A21KS2,21.98,2024-10-10,prophet,immofinanz-ag
AT0000A21KS2,21.96,2024-10-11,prophet,immofinanz-ag
AT0000A21KS2,21.94,2024-10-14,prophet,immofinanz-ag
AT0000A21KS2,21.92,2024-10-15,prophet,immofinanz-ag
AT0000A21KS2,21.9,2024-10-16,prophet,immofinanz-ag
AT0000A21KS2,21.88,2024-10-17,prophet,immofinanz-ag
AT0000A21KS2,21.85,2024-10-18,prophet,immofinanz-ag
AT0000A21KS2,21.83,2024-10-21,prophet,immofinanz-ag
AT0000A21KS2,21.76,2024-10-08,rnn_regressor,immofinanz-ag
AT0000A21KS2,21.26,2024-10-09,rnn_regressor,immofinanz-ag
AT0000A21KS2,21.08,2024-10-10,rnn_regressor,immofinanz-ag
AT0000A21KS2,18.67,2024-10-11,rnn_regressor,immofinanz-ag
AT0000A21KS2,19.1,2024-10-14,rnn_regressor,immofinanz-ag
AT0000A21KS2,19.39,2024-10-15,rnn_regressor,immofinanz-ag
AT0000A21KS2,18.84,2024-10-16,rnn_regressor,immofinanz-ag
AT0000A21KS2,18.91,2024-10-17,rnn_regressor,immofinanz-ag
AT0000A21KS2,18.9,2024-10-18,rnn_regressor,immofinanz-ag
AT0000A21KS2,18.87,2024-10-21,rnn_regressor,immofinanz-ag
AT0000A21KS2,22.06,2024-10-08,xgb_regressor,immofinanz-ag
AT0000A21KS2,22.06,2024-10-09,xgb_regressor,immofinanz-ag
AT0000A21KS2,22.06,2024-10-10,xgb_regressor,immofinanz-ag
AT0000A21KS2,22.06,2024-10-11,xgb_regressor,immofinanz-ag
AT0000A21KS2,22.06,2024-10-14,xgb_regressor,immofinanz-ag
AT0000A21KS2,22.06,2024-10-15,xgb_regressor,immofinanz-ag
AT0000A21KS2,22.06,2024-10-16,xgb_regressor,immofinanz-ag
AT0000A21KS2,22.07,2024-10-17,xgb_regressor,immofinanz-ag
AT0000A21KS2,22.07,2024-10-18,xgb_regressor,immofinanz-ag
AT0000A21KS2,22.07,2024-10-21,xgb_regressor,immofinanz-ag
AT0000641352,25.25,2024-10-08,arima,ca-immobilien-anlagen-ag
AT0000641352,25.23,2024-10-09,arima,ca-immobilien-anlagen-ag
AT0000641352,25.22,2024-10-10,arima,ca-immobilien-anlagen-ag
AT0000641352,25.21,2024-10-11,arima,ca-immobilien-anlagen-ag
AT0000641352,25.2,2024-10-14,arima,ca-immobilien-anlagen-ag
AT0000641352,25.18,2024-10-15,arima,ca-immobilien-anlagen-ag
AT0000641352,25.17,2024-10-16,arima,ca-immobilien-anlagen-ag
AT0000641352,25.15,2024-10-17,arima,ca-immobilien-anlagen-ag
AT0000641352,25.14,2024-10-18,arima,ca-immobilien-anlagen-ag
AT0000641352,25.12,2024-10-21,arima,ca-immobilien-anlagen-ag
AT0000641352,25.25,2024-10-08,exp_smoothing,ca-immobilien-anlagen-ag
AT0000641352,25.23,2024-10-09,exp_smoothing,ca-immobilien-anlagen-ag
AT0000641352,25.22,2024-10-10,exp_smoothing,ca-immobilien-anlagen-ag
AT0000641352,25.21,2024-10-11,exp_smoothing,ca-immobilien-anlagen-ag
AT0000641352,25.19,2024-10-14,exp_smoothing,ca-immobilien-anlagen-ag
AT0000641352,25.18,2024-10-15,exp_smoothing,ca-immobilien-anlagen-ag
AT0000641352,25.17,2024-10-16,exp_smoothing,ca-immobilien-anlagen-ag
AT0000641352,25.15,2024-10-17,exp_smoothing,ca-immobilien-anlagen-ag
AT0000641352,25.14,2024-10-18,exp_smoothing,ca-immobilien-anlagen-ag
AT0000641352,25.12,2024-10-21,exp_smoothing,ca-immobilien-anlagen-ag
AT0000641352,25.27,2024-10-08,lgbm_regressor,ca-immobilien-anlagen-ag
AT0000641352,25.27,2024-10-09,lgbm_regressor,ca-immobilien-anlagen-ag
AT0000641352,25.27,2024-10-10,lgbm_regressor,ca-immobilien-anlagen-ag
AT0000641352,25.28,2024-10-11,lgbm_regressor,ca-immobilien-anlagen-ag
AT0000641352,25.28,2024-10-14,lgbm_regressor,ca-immobilien-anlagen-ag
AT0000641352,25.28,2024-10-15,lgbm_regressor,ca-immobilien-anlagen-ag
AT0000641352,25.28,2024-10-16,lgbm_regressor,ca-immobilien-anlagen-ag
AT0000641352,25.29,2024-10-17,lgbm_regressor,ca-immobilien-anlagen-ag
AT0000641352,25.29,2024-10-18,lgbm_regressor,ca-immobilien-anlagen-ag
AT0000641352,25.29,2024-10-21,lgbm_regressor,ca-immobilien-anlagen-ag
AT0000641352,25.21,2024-10-08,nn_regressor,ca-immobilien-anlagen-ag
AT0000641352,24.77,2024-10-09,nn_regressor,ca-immobilien-anlagen-ag
AT0000641352,25.75,2024-10-10,nn_regressor,ca-immobilien-anlagen-ag
AT0000641352,26.07,2024-10-11,nn_regressor,ca-immobilien-anlagen-ag
AT0000641352,26.95,2024-10-14,nn_regressor,ca-immobilien-anlagen-ag
AT0000641352,26.38,2024-10-15,nn_regressor,ca-immobilien-anlagen-ag
AT0000641352,26.48,2024-10-16,nn_regressor,ca-immobilien-anlagen-ag
AT0000641352,26.72,2024-10-17,nn_regressor,ca-immobilien-anlagen-ag
AT0000641352,26.78,2024-10-18,nn_regressor,ca-immobilien-anlagen-ag
AT0000641352,27.32,2024-10-21,nn_regressor,ca-immobilien-anlagen-ag
AT0000641352,25.25,2024-10-08,prophet,ca-immobilien-anlagen-ag
AT0000641352,25.24,2024-10-09,prophet,ca-immobilien-anlagen-ag
AT0000641352,25.23,2024-10-10,prophet,ca-immobilien-anlagen-ag
AT0000641352,25.22,2024-10-11,prophet,ca-immobilien-anlagen-ag
AT0000641352,25.21,2024-10-14,prophet,ca-immobilien-anlagen-ag
AT0000641352,25.21,2024-10-15,prophet,ca-immobilien-anlagen-ag
AT0000641352,25.2,2024-10-16,prophet,ca-immobilien-anlagen-ag
AT0000641352,25.2,2024-10-17,prophet,ca-immobilien-anlagen-ag
AT0000641352,25.19,2024-10-18,prophet,ca-immobilien-anlagen-ag
AT0000641352,25.19,2024-10-21,prophet,ca-immobilien-anlagen-ag
AT0000641352,25.35,2024-10-08,rnn_regressor,ca-immobilien-anlagen-ag
AT0000641352,24.9,2024-10-09,rnn_regressor,ca-immobilien-anlagen-ag
AT0000641352,25.66,2024-10-10,rnn_regressor,ca-immobilien-anlagen-ag
AT0000641352,24.27,2024-10-11,rnn_regressor,ca-immobilien-anlagen-ag
AT0000641352,25.45,2024-10-14,rnn_regressor,ca-immobilien-anlagen-ag
AT0000641352,25.4,2024-10-15,rnn_regressor,ca-immobilien-anlagen-ag
AT0000641352,24.77,2024-10-16,rnn_regressor,ca-immobilien-anlagen-ag
AT0000641352,24.88,2024-10-17,rnn_regressor,ca-immobilien-anlagen-ag
AT0000641352,24.42,2024-10-18,rnn_regressor,ca-immobilien-anlagen-ag
AT0000641352,24.71,2024-10-21,rnn_regressor,ca-immobilien-anlagen-ag
AT0000641352,25.27,2024-10-08,xgb_regressor,ca-immobilien-anlagen-ag
AT0000641352,25.27,2024-10-09,xgb_regressor,ca-immobilien-anlagen-ag
AT0000641352,25.27,2024-10-10,xgb_regressor,ca-immobilien-anlagen-ag
AT0000641352,25.27,2024-10-11,xgb_regressor,ca-immobilien-anlagen-ag
AT0000641352,25.27,2024-10-14,xgb_regressor,ca-immobilien-anlagen-ag
AT0000641352,25.27,2024-10-15,xgb_regressor,ca-immobilien-anlagen-ag
AT0000641352,25.28,2024-10-16,xgb_regressor,ca-immobilien-anlagen-ag
AT0000641352,25.28,2024-10-17,xgb_regressor,ca-immobilien-anlagen-ag
AT0000641352,25.28,2024-10-18,xgb_regressor,ca-immobilien-anlagen-ag
AT0000641352,25.29,2024-10-21,xgb_regressor,ca-immobilien-anlagen-ag
AT0000821103,7.46,2024-10-08,arima,uniqa-insurance-group-ag
AT0000821103,7.46,2024-10-09,arima,uniqa-insurance-group-ag
AT0000821103,7.46,2024-10-10,arima,uniqa-insurance-group-ag
AT0000821103,7.46,2024-10-11,arima,uniqa-insurance-group-ag
AT0000821103,7.46,2024-10-14,arima,uniqa-insurance-group-ag
AT0000821103,7.46,2024-10-15,arima,uniqa-insurance-group-ag
AT0000821103,7.46,2024-10-16,arima,uniqa-insurance-group-ag
AT0000821103,7.46,2024-10-17,arima,uniqa-insurance-group-ag
AT0000821103,7.45,2024-10-18,arima,uniqa-insurance-group-ag
AT0000821103,7.45,2024-10-21,arima,uniqa-insurance-group-ag
AT0000821103,7.46,2024-10-08,exp_smoothing,uniqa-insurance-group-ag
AT0000821103,7.46,2024-10-09,exp_smoothing,uniqa-insurance-group-ag
AT0000821103,7.46,2024-10-10,exp_smoothing,uniqa-insurance-group-ag
AT0000821103,7.46,2024-10-11,exp_smoothing,uniqa-insurance-group-ag
AT0000821103,7.46,2024-10-14,exp_smoothing,uniqa-insurance-group-ag
AT0000821103,7.46,2024-10-15,exp_smoothing,uniqa-insurance-group-ag
AT0000821103,7.45,2024-10-16,exp_smoothing,uniqa-insurance-group-ag
AT0000821103,7.45,2024-10-17,exp_smoothing,uniqa-insurance-group-ag
AT0000821103,7.45,2024-10-18,exp_smoothing,uniqa-insurance-group-ag
AT0000821103,7.45,2024-10-21,exp_smoothing,uniqa-insurance-group-ag
AT0000821103,7.46,2024-10-08,lgbm_regressor,uniqa-insurance-group-ag
AT0000821103,7.46,2024-10-09,lgbm_regressor,uniqa-insurance-group-ag
AT0000821103,7.46,2024-10-10,lgbm_regressor,uniqa-insurance-group-ag
AT0000821103,7.46,2024-10-11,lgbm_regressor,uniqa-insurance-group-ag
AT0000821103,7.46,2024-10-14,lgbm_regressor,uniqa-insurance-group-ag
AT0000821103,7.46,2024-10-15,lgbm_regressor,uniqa-insurance-group-ag
AT0000821103,7.46,2024-10-16,lgbm_regressor,uniqa-insurance-group-ag
AT0000821103,7.46,2024-10-17,lgbm_regressor,uniqa-insurance-group-ag
AT0000821103,7.46,2024-10-18,lgbm_regressor,uniqa-insurance-group-ag
AT0000821103,7.47,2024-10-21,lgbm_regressor,uniqa-insurance-group-ag
AT0000821103,7.51,2024-10-08,nn_regressor,uniqa-insurance-group-ag
AT0000821103,7.56,2024-10-09,nn_regressor,uniqa-insurance-group-ag
AT0000821103,7.6,2024-10-10,nn_regressor,uniqa-insurance-group-ag
AT0000821103,7.59,2024-10-11,nn_regressor,uniqa-insurance-group-ag
AT0000821103,7.62,2024-10-14,nn_regressor,uniqa-insurance-group-ag
AT0000821103,7.6,2024-10-15,nn_regressor,uniqa-insurance-group-ag
AT0000821103,7.61,2024-10-16,nn_regressor,uniqa-insurance-group-ag
AT0000821103,7.67,2024-10-17,nn_regressor,uniqa-insurance-group-ag
AT0000821103,7.69,2024-10-18,nn_regressor,uniqa-insurance-group-ag
AT0000821103,7.73,2024-10-21,nn_regressor,uniqa-insurance-group-ag
AT0000821103,7.46,2024-10-08,prophet,uniqa-insurance-group-ag
AT0000821103,7.46,2024-10-09,prophet,uniqa-insurance-group-ag
AT0000821103,7.46,2024-10-10,prophet,uniqa-insurance-group-ag
AT0000821103,7.45,2024-10-11,prophet,uniqa-insurance-group-ag
AT0000821103,7.45,2024-10-14,prophet,uniqa-insurance-group-ag
AT0000821103,7.45,2024-10-15,prophet,uniqa-insurance-group-ag
AT0000821103,7.45,2024-10-16,prophet,uniqa-insurance-group-ag
AT0000821103,7.45,2024-10-17,prophet,uniqa-insurance-group-ag
AT0000821103,7.45,2024-10-18,prophet,uniqa-insurance-group-ag
AT0000821103,7.45,2024-10-21,prophet,uniqa-insurance-group-ag
AT0000821103,7.52,2024-10-08,rnn_regressor,uniqa-insurance-group-ag
AT0000821103,7.56,2024-10-09,rnn_regressor,uniqa-insurance-group-ag
AT0000821103,7.46,2024-10-10,rnn_regressor,uniqa-insurance-group-ag
AT0000821103,7.45,2024-10-11,rnn_regressor,uniqa-insurance-group-ag
AT0000821103,7.33,2024-10-14,rnn_regressor,uniqa-insurance-group-ag
AT0000821103,7.33,2024-10-15,rnn_regressor,uniqa-insurance-group-ag
AT0000821103,7.16,2024-10-16,rnn_regressor,uniqa-insurance-group-ag
AT0000821103,7.2,2024-10-17,rnn_regressor,uniqa-insurance-group-ag
AT0000821103,7.23,2024-10-18,rnn_regressor,uniqa-insurance-group-ag
AT0000821103,7.2,2024-10-21,rnn_regressor,uniqa-insurance-group-ag
AT0000821103,7.46,2024-10-08,xgb_regressor,uniqa-insurance-group-ag
AT0000821103,7.46,2024-10-09,xgb_regressor,uniqa-insurance-group-ag
AT0000821103,7.46,2024-10-10,xgb_regressor,uniqa-insurance-group-ag
AT0000821103,7.46,2024-10-11,xgb_regressor,uniqa-insurance-group-ag
AT0000821103,7.46,2024-10-14,xgb_regressor,uniqa-insurance-group-ag
AT0000821103,7.46,2024-10-15,xgb_regressor,uniqa-insurance-group-ag
AT0000821103,7.46,2024-10-16,xgb_regressor,uniqa-insurance-group-ag
AT0000821103,7.46,2024-10-17,xgb_regressor,uniqa-insurance-group-ag
AT0000821103,7.46,2024-10-18,xgb_regressor,uniqa-insurance-group-ag
AT0000821103,7.47,2024-10-21,xgb_regressor,uniqa-insurance-group-ag
